contract_id,employee_id
1,65
1,78
1,36
2,94
2,70
2,98
2,18
2,81
3,38
3,29
3,32
3,51
3,22
4,66
4,51
4,16
4,94
5,13
5,3
5,22
5,83
6,41
6,34
6,80
6,69
6,44
7,24
7,19
7,70
7,96
7,8
8,64
8,56
8,82
9,58
9,93
9,90
10,27
11,14
12,1
12,25
13,33
13,6
14,25
14,34
14,30
15,28
15,88
15,26
15,82
16,69
16,90
17,50
18,14
18,74
18,42
18,66
19,58
20,34
21,84
21,66
21,73
22,22
22,30
23,78
23,45
24,86
24,30
24,51
25,56
25,75
25,21
25,19
26,91
26,3
27,97
27,23
28,20
28,21
28,46
29,33
29,25
29,93
29,61
30,99
30,83
30,43
30,34
31,72
31,87
31,65
32,35
32,25
32,2
33,45
33,29
33,78
33,41
34,71
34,50
34,34
34,42
35,5
35,75
36,22
36,23
37,44
37,22
38,78
38,65
39,2
39,44
40,4
40,52
40,90
40,50
41,99
41,87
42,48
42,8
43,59
43,25
43,24
43,5
43,80
44,1
45,77
45,88
45,5
46,52
46,97
46,89
46,100
46,58
47,68
47,24
47,98
48,14
48,98
49,34
49,14
49,70
49,80
50,46
51,92
52,11
52,23
52,82
52,28
52,33
53,81
54,71
54,44
54,4
55,37
55,49
56,87
56,75
56,76
56,79
57,11
58,38
58,89
58,58
58,48
58,52
59,7
59,29
60,73
60,18
60,80
60,100
60,19
61,77
61,41
61,27
61,45
61,25
62,27
63,60
63,21
63,49
64,8
64,51
64,37
64,74
65,69
66,48
66,1
67,75
67,80
67,100
67,39
67,71
68,62
69,50
69,73
70,88
70,21
70,18
70,71
70,4
71,41
71,46
71,4
72,59
72,6
72,43
72,82
72,99
73,69
73,5
73,12
73,80
73,25
74,22
74,47
74,41
74,23
75,74
75,23
75,46
75,41
76,17
76,65
76,59
77,21
77,69
77,40
77,4
78,7
78,96
78,87
78,30
78,88
79,99
80,13
81,13
81,10
81,92
81,52
82,22
83,30
84,30
84,11
85,37
85,41
85,60
85,95
85,58
86,100
86,10
86,63
86,93
87,96
88,87
89,71
89,47
90,95
90,47
91,79
91,24
91,3
91,56
92,37
92,45
92,21
92,78
93,65
93,7
93,40
93,5
94,87
95,82
95,10
95,65
96,11
97,17
97,74
97,73
97,58
98,37
98,65
98,100
99,16
99,23
99,56
99,67
99,94
100,94
100,19
101,75
101,163
101,22
101,197
102,72
102,162
102,109
102,81
103,120
103,148
103,81
103,109
104,197
104,181
104,42
105,80
105,128
105,98
106,111
106,52
106,35
106,165
107,23
108,167
108,126
109,185
110,141
110,27
110,51
111,102
111,122
111,91
111,19
111,59
112,74
112,77
112,127
112,182
113,151
113,56
113,33
113,95
113,121
114,199
114,181
114,82
115,147
115,155
115,166
115,89
115,190
116,158
117,161
118,48
118,196
119,111
119,187
120,27
120,188
120,105
121,134
121,143
121,153
122,180
123,70
123,177
123,149
124,108
125,154
125,177
125,24
125,200
125,121
126,77
126,19
126,165
127,38
127,48
127,175
127,14
128,185
128,23
128,45
129,148
130,110
130,60
130,170
130,134
131,83
131,99
131,92
131,176
132,177
133,182
133,193
134,2
135,198
135,39
135,51
136,32
137,191
137,132
137,149
137,72
137,137
138,149
139,143
139,170
140,132
140,42
140,174
140,33
140,165
141,16
141,24
141,138
141,73
142,58
142,34
143,113
144,127
144,124
144,129
145,123
145,32
145,95
146,87
147,96
147,124
148,77
149,59
149,94
149,147
149,32
149,95
150,21
151,112
151,38
151,184
151,104
151,4
152,192
152,177
152,60
152,123
152,42
153,166
153,124
153,1
153,174
154,142
154,177
154,119
154,173
155,41
156,17
156,186
157,194
157,109
157,7
157,20
157,92
158,191
158,105
159,200
159,48
159,21
160,163
160,40
160,147
160,70
161,66
161,60
161,51
161,56
162,37
162,175
162,48
162,23
163,108
163,105
163,161
164,59
164,39
165,50
165,18
165,119
165,160
165,131
166,37
166,145
166,99
166,165
166,148
167,163
167,69
168,126
169,51
170,169
170,177
170,171
170,50
171,40
171,53
171,185
172,38
173,198
173,153
173,52
173,94
174,130
175,149
176,143
177,89
177,20
177,119
177,153
178,43
178,103
178,8
178,119
178,116
179,78
179,112
179,106
179,70
179,28
180,175
181,173
182,185
182,38
183,152
183,17
183,112
183,181
184,118
185,177
185,60
185,42
186,39
186,40
186,8
186,128
186,24
187,147
187,4
187,15
187,96
188,186
188,162
188,123
188,168
189,73
189,64
189,153
190,183
190,87
190,103
190,152
191,23
192,146
193,152
194,178
195,156
195,103
196,50
196,24
196,188
197,100
197,193
197,30
197,189
197,4
198,169
198,18
198,41
198,163
199,51
199,166
199,31
199,87
200,181
200,47
200,51
